run_id,query_id,query_class,condition,run_index,start_time,end_time,runtime_ms,rows_returned,cache_state,ingestion_rate,sla_tier,scan_scope_frozen,error
tpch_point_lookup_none_1_1787415333,tpch_point_lookup,short,none,1,2026-08-22T16:15:32.566045+00:00,2026-08-22T16:15:33.173521+00:00,607.47,1,unknown,none,none,True,
tpch_point_lookup_none_2_1787415334,tpch_point_lookup,short,none,2,2026-08-22T16:15:34.174386+00:00,2026-08-22T16:15:34.716095+00:00,541.68,1,unknown,none,none,True,
tpch_point_lookup_none_3_1787415336,tpch_point_lookup,short,none,3,2026-08-22T16:15:35.716781+00:00,2026-08-22T16:15:36.305887+00:00,589.09,1,unknown,none,none,True,
tpch_point_lookup_none_4_1787415337,tpch_point_lookup,short,none,4,2026-08-22T16:15:37.306890+00:00,2026-08-22T16:15:37.860975+00:00,554.06,1,unknown,none,none,True,
tpch_point_lookup_none_5_1787415339,tpch_point_lookup,short,none,5,2026-08-22T16:15:38.863916+00:00,2026-08-22T16:15:39.378290+00:00,514.35,1,unknown,none,none,True,
tpch_point_lookup_none_6_1787415340,tpch_point_lookup,short,none,6,2026-08-22T16:15:40.379011+00:00,2026-08-22T16:15:40.955023+00:00,575.99,1,unknown,none,none,True,
tpch_point_lookup_none_7_1787415342,tpch_point_lookup,short,none,7,2026-08-22T16:15:41.955525+00:00,2026-08-22T16:15:42.464034+00:00,508.5,1,unknown,none,none,True,
tpch_point_lookup_none_8_1787415344,tpch_point_lookup,short,none,8,2026-08-22T16:15:43.464791+00:00,2026-08-22T16:15:44.001309+00:00,536.5,1,unknown,none,none,True,
tpch_point_lookup_none_9_1787415345,tpch_point_lookup,short,none,9,2026-08-22T16:15:45.001941+00:00,2026-08-22T16:15:45.554002+00:00,552.04,1,unknown,none,none,True,
tpch_point_lookup_none_10_1787415347,tpch_point_lookup,short,none,10,2026-08-22T16:15:46.554366+00:00,2026-08-22T16:15:47.064728+00:00,510.35,1,unknown,none,none,True,
tpch_point_lookup_none_11_1787415348,tpch_point_lookup,short,none,11,2026-08-22T16:15:48.065538+00:00,2026-08-22T16:15:48.592383+00:00,526.83,1,unknown,none,none,True,
tpch_point_lookup_none_12_1787415350,tpch_point_lookup,short,none,12,2026-08-22T16:15:49.593219+00:00,2026-08-22T16:15:50.099111+00:00,505.88,1,unknown,none,none,True,
tpch_point_lookup_none_13_1787415351,tpch_point_lookup,short,none,13,2026-08-22T16:15:51.100080+00:00,2026-08-22T16:15:51.617759+00:00,517.66,1,unknown,none,none,True,
tpch_point_lookup_none_14_1787415353,tpch_point_lookup,short,none,14,2026-08-22T16:15:52.618691+00:00,2026-08-22T16:15:53.182592+00:00,563.89,1,unknown,none,none,True,
tpch_point_lookup_none_15_1787415354,tpch_point_lookup,short,none,15,2026-08-22T16:15:54.182944+00:00,2026-08-22T16:15:54.714040+00:00,531.09,1,unknown,none,none,True,
tpch_orders_sum_none_1_1787415384,tpch_orders_sum,medium,none,1,2026-08-22T16:16:23.961522+00:00,2026-08-22T16:16:24.483500+00:00,521.96,1,unknown,none,none,True,
tpch_orders_sum_none_2_1787415385,tpch_orders_sum,medium,none,2,2026-08-22T16:16:25.484444+00:00,2026-08-22T16:16:25.993380+00:00,508.92,1,unknown,none,none,True,
tpch_orders_sum_none_3_1787415387,tpch_orders_sum,medium,none,3,2026-08-22T16:16:26.994025+00:00,2026-08-22T16:16:27.510194+00:00,516.15,1,unknown,none,none,True,
tpch_orders_sum_none_4_1787415388,tpch_orders_sum,medium,none,4,2026-08-22T16:16:28.510773+00:00,2026-08-22T16:16:28.982633+00:00,471.85,1,unknown,none,none,True,
tpch_orders_sum_none_5_1787415390,tpch_orders_sum,medium,none,5,2026-08-22T16:16:29.983563+00:00,2026-08-22T16:16:30.455303+00:00,471.72,1,unknown,none,none,True,
tpch_orders_sum_none_6_1787415391,tpch_orders_sum,medium,none,6,2026-08-22T16:16:31.456060+00:00,2026-08-22T16:16:31.949403+00:00,493.32,1,unknown,none,none,True,
tpch_orders_sum_none_7_1787415393,tpch_orders_sum,medium,none,7,2026-08-22T16:16:32.950347+00:00,2026-08-22T16:16:33.431099+00:00,480.73,1,unknown,none,none,True,
tpch_orders_sum_none_8_1787415394,tpch_orders_sum,medium,none,8,2026-08-22T16:16:34.431782+00:00,2026-08-22T16:16:34.900650+00:00,468.85,1,unknown,none,none,True,
tpch_orders_sum_none_9_1787415396,tpch_orders_sum,medium,none,9,2026-08-22T16:16:35.901559+00:00,2026-08-22T16:16:36.385766+00:00,484.18,1,unknown,none,none,True,
tpch_orders_sum_none_10_1787415397,tpch_orders_sum,medium,none,10,2026-08-22T16:16:37.386934+00:00,2026-08-22T16:16:37.859739+00:00,472.79,1,unknown,none,none,True,
tpch_orders_sum_none_11_1787415399,tpch_orders_sum,medium,none,11,2026-08-22T16:16:38.860263+00:00,2026-08-22T16:16:39.311627+00:00,451.36,1,unknown,none,none,True,
tpch_orders_sum_none_12_1787415400,tpch_orders_sum,medium,none,12,2026-08-22T16:16:40.312075+00:00,2026-08-22T16:16:40.788357+00:00,476.27,1,unknown,none,none,True,
tpch_orders_sum_none_13_1787415402,tpch_orders_sum,medium,none,13,2026-08-22T16:16:41.789250+00:00,2026-08-22T16:16:42.240608+00:00,451.34,1,unknown,none,none,True,
tpch_orders_sum_none_14_1787415403,tpch_orders_sum,medium,none,14,2026-08-22T16:16:43.241863+00:00,2026-08-22T16:16:43.703329+00:00,461.44,1,unknown,none,none,True,
tpch_orders_sum_none_15_1787415405,tpch_orders_sum,medium,none,15,2026-08-22T16:16:44.704518+00:00,2026-08-22T16:16:45.174106+00:00,469.57,1,unknown,none,none,True,
tpch_orders_lineitem_join_none_1_1787415412,tpch_orders_lineitem_join,long,none,1,2026-08-22T16:16:50.859115+00:00,2026-08-22T16:16:52.155032+00:00,1295.91,1,unknown,none,none,True,
tpch_orders_lineitem_join_none_2_1787415414,tpch_orders_lineitem_join,long,none,2,2026-08-22T16:16:53.155610+00:00,2026-08-22T16:16:54.396240+00:00,1240.61,1,unknown,none,none,True,
tpch_orders_lineitem_join_none_3_1787415416,tpch_orders_lineitem_join,long,none,3,2026-08-22T16:16:55.396738+00:00,2026-08-22T16:16:56.715775+00:00,1319.03,1,unknown,none,none,True,
tpch_orders_lineitem_join_none_4_1787415418,tpch_orders_lineitem_join,long,none,4,2026-08-22T16:16:57.716608+00:00,2026-08-22T16:16:58.801947+00:00,1085.32,1,unknown,none,none,True,
tpch_orders_lineitem_join_none_5_1787415420,tpch_orders_lineitem_join,long,none,5,2026-08-22T16:16:59.802710+00:00,2026-08-22T16:17:00.957632+00:00,1154.91,1,unknown,none,none,True,
tpch_orders_lineitem_join_none_6_1787415423,tpch_orders_lineitem_join,long,none,6,2026-08-22T16:17:01.957893+00:00,2026-08-22T16:17:03.212229+00:00,1254.32,1,unknown,none,none,True,
tpch_orders_lineitem_join_none_7_1787415425,tpch_orders_lineitem_join,long,none,7,2026-08-22T16:17:04.212738+00:00,2026-08-22T16:17:05.462798+00:00,1250.05,1,unknown,none,none,True,
tpch_orders_lineitem_join_none_8_1787415427,tpch_orders_lineitem_join,long,none,8,2026-08-22T16:17:06.463174+00:00,2026-08-22T16:17:07.597125+00:00,1133.94,1,unknown,none,none,True,
tpch_orders_lineitem_join_none_9_1787415429,tpch_orders_lineitem_join,long,none,9,2026-08-22T16:17:08.598296+00:00,2026-08-22T16:17:09.737854+00:00,1139.54,1,unknown,none,none,True,
tpch_orders_lineitem_join_none_10_1787415431,tpch_orders_lineitem_join,long,none,10,2026-08-22T16:17:10.738301+00:00,2026-08-22T16:17:11.886241+00:00,1147.93,1,unknown,none,none,True,
tpch_orders_lineitem_join_none_11_1787415434,tpch_orders_lineitem_join,long,none,11,2026-08-22T16:17:12.886894+00:00,2026-08-22T16:17:14.032139+00:00,1145.24,1,unknown,none,none,True,
tpch_orders_lineitem_join_none_12_1787415436,tpch_orders_lineitem_join,long,none,12,2026-08-22T16:17:15.032896+00:00,2026-08-22T16:17:16.210279+00:00,1177.34,1,unknown,none,none,True,
tpch_orders_lineitem_join_none_13_1787415438,tpch_orders_lineitem_join,long,none,13,2026-08-22T16:17:17.211218+00:00,2026-08-22T16:17:18.366263+00:00,1155.03,1,unknown,none,none,True,
tpch_orders_lineitem_join_none_14_1787415440,tpch_orders_lineitem_join,long,none,14,2026-08-22T16:17:19.366651+00:00,2026-08-22T16:17:20.439289+00:00,1072.63,1,unknown,none,none,True,
tpch_orders_lineitem_join_none_15_1787415442,tpch_orders_lineitem_join,long,none,15,2026-08-22T16:17:21.439565+00:00,2026-08-22T16:17:22.573404+00:00,1133.83,1,unknown,none,none,True,
