run_id,query_id,query_class,condition,run_index,start_time,end_time,runtime_ms,rows_returned,cache_state,ingestion_rate,sla_tier,scan_scope_frozen,ingestion_target_eps,ingestion_actual_eps,ingestion_events_during_query,ingestion_active_at_query_start,ingestion_active_at_query_end,query_ingestion_overlap_pct,error
tpch_point_lookup_none_1_1789044205,tpch_point_lookup,short,none,1,2026-09-10T12:43:24.815393+00:00,2026-09-10T12:43:25.098699+00:00,283.3,1,unknown,none,none,True,0.0,0.0,0,False,False,0.0,
tpch_point_lookup_none_2_1789044206,tpch_point_lookup,short,none,2,2026-09-10T12:43:26.132598+00:00,2026-09-10T12:43:26.467894+00:00,335.29,1,unknown,none,none,True,0.0,0.0,0,False,False,0.0,
tpch_point_lookup_none_3_1789044207,tpch_point_lookup,short,none,3,2026-09-10T12:43:27.509101+00:00,2026-09-10T12:43:27.821699+00:00,312.59,1,unknown,none,none,True,0.0,0.0,0,False,False,0.0,
tpch_point_lookup_none_4_1789044209,tpch_point_lookup,short,none,4,2026-09-10T12:43:28.918575+00:00,2026-09-10T12:43:29.216495+00:00,297.91,1,unknown,none,none,True,0.0,0.0,0,False,False,0.0,
tpch_point_lookup_none_5_1789044210,tpch_point_lookup,short,none,5,2026-09-10T12:43:30.236608+00:00,2026-09-10T12:43:30.523327+00:00,286.71,1,unknown,none,none,True,0.0,0.0,0,False,False,0.0,
tpch_point_lookup_none_6_1789044211,tpch_point_lookup,short,none,6,2026-09-10T12:43:31.528735+00:00,2026-09-10T12:43:31.780807+00:00,252.07,1,unknown,none,none,True,0.0,0.0,0,False,False,0.0,
tpch_point_lookup_none_7_1789044213,tpch_point_lookup,short,none,7,2026-09-10T12:43:32.814825+00:00,2026-09-10T12:43:33.090586+00:00,275.75,1,unknown,none,none,True,0.0,0.0,0,False,False,0.0,
tpch_point_lookup_none_8_1789044214,tpch_point_lookup,short,none,8,2026-09-10T12:43:34.122756+00:00,2026-09-10T12:43:34.387931+00:00,265.17,1,unknown,none,none,True,0.0,0.0,0,False,False,0.0,
tpch_point_lookup_none_9_1789044215,tpch_point_lookup,short,none,9,2026-09-10T12:43:35.422341+00:00,2026-09-10T12:43:35.652494+00:00,230.15,1,unknown,none,none,True,0.0,0.0,0,False,False,0.0,
tpch_point_lookup_none_10_1789044217,tpch_point_lookup,short,none,10,2026-09-10T12:43:36.671094+00:00,2026-09-10T12:43:37.004239+00:00,333.14,1,unknown,none,none,True,0.0,0.0,0,False,False,0.0,
tpch_point_lookup_none_11_1789044218,tpch_point_lookup,short,none,11,2026-09-10T12:43:38.034852+00:00,2026-09-10T12:43:38.301609+00:00,266.75,1,unknown,none,none,True,0.0,0.0,0,False,False,0.0,
tpch_point_lookup_none_12_1789044219,tpch_point_lookup,short,none,12,2026-09-10T12:43:39.319433+00:00,2026-09-10T12:43:39.553947+00:00,234.51,1,unknown,none,none,True,0.0,0.0,0,False,False,0.0,
tpch_point_lookup_none_13_1789044220,tpch_point_lookup,short,none,13,2026-09-10T12:43:40.559607+00:00,2026-09-10T12:43:40.902963+00:00,343.35,1,unknown,none,none,True,0.0,0.0,0,False,False,0.0,
tpch_point_lookup_none_14_1789044222,tpch_point_lookup,short,none,14,2026-09-10T12:43:41.908917+00:00,2026-09-10T12:43:42.332531+00:00,423.61,1,unknown,none,none,True,0.0,0.0,0,False,False,0.0,
tpch_point_lookup_none_15_1789044223,tpch_point_lookup,short,none,15,2026-09-10T12:43:43.367717+00:00,2026-09-10T12:43:43.687426+00:00,319.7,1,unknown,none,none,True,0.0,0.0,0,False,False,0.0,
tpch_orders_sum_none_1_1789044223,tpch_orders_sum,medium,none,1,2026-09-10T12:43:43.734468+00:00,2026-09-10T12:43:43.977378+00:00,242.9,1,unknown,none,none,True,0.0,0.0,0,False,False,0.0,
tpch_orders_sum_none_2_1789044225,tpch_orders_sum,medium,none,2,2026-09-10T12:43:45.017893+00:00,2026-09-10T12:43:45.281542+00:00,263.64,1,unknown,none,none,True,0.0,0.0,0,False,False,0.0,
tpch_orders_sum_none_3_1789044226,tpch_orders_sum,medium,none,3,2026-09-10T12:43:46.299247+00:00,2026-09-10T12:43:46.569826+00:00,270.57,1,unknown,none,none,True,0.0,0.0,0,False,False,0.0,
tpch_orders_sum_none_4_1789044227,tpch_orders_sum,medium,none,4,2026-09-10T12:43:47.598037+00:00,2026-09-10T12:43:47.867568+00:00,269.53,1,unknown,none,none,True,0.0,0.0,0,False,False,0.0,
tpch_orders_sum_none_5_1789044229,tpch_orders_sum,medium,none,5,2026-09-10T12:43:48.913890+00:00,2026-09-10T12:43:49.165665+00:00,251.77,1,unknown,none,none,True,0.0,0.0,0,False,False,0.0,
tpch_orders_sum_none_6_1789044230,tpch_orders_sum,medium,none,6,2026-09-10T12:43:50.198634+00:00,2026-09-10T12:43:50.451081+00:00,252.44,1,unknown,none,none,True,0.0,0.0,0,False,False,0.0,
tpch_orders_sum_none_7_1789044231,tpch_orders_sum,medium,none,7,2026-09-10T12:43:51.498668+00:00,2026-09-10T12:43:51.747091+00:00,248.42,1,unknown,none,none,True,0.0,0.0,0,False,False,0.0,
tpch_orders_sum_none_8_1789044233,tpch_orders_sum,medium,none,8,2026-09-10T12:43:52.775727+00:00,2026-09-10T12:43:53.015704+00:00,239.97,1,unknown,none,none,True,0.0,0.0,0,False,False,0.0,
tpch_orders_sum_none_9_1789044234,tpch_orders_sum,medium,none,9,2026-09-10T12:43:54.051679+00:00,2026-09-10T12:43:54.356083+00:00,304.4,1,unknown,none,none,True,0.0,0.0,0,False,False,0.0,
tpch_orders_sum_none_10_1789044235,tpch_orders_sum,medium,none,10,2026-09-10T12:43:55.398141+00:00,2026-09-10T12:43:55.656948+00:00,258.8,1,unknown,none,none,True,0.0,0.0,0,False,False,0.0,
tpch_orders_sum_none_11_1789044236,tpch_orders_sum,medium,none,11,2026-09-10T12:43:56.662491+00:00,2026-09-10T12:43:56.907775+00:00,245.28,1,unknown,none,none,True,0.0,0.0,0,False,False,0.0,
tpch_orders_sum_none_12_1789044238,tpch_orders_sum,medium,none,12,2026-09-10T12:43:57.943979+00:00,2026-09-10T12:43:58.175299+00:00,231.31,1,unknown,none,none,True,0.0,0.0,0,False,False,0.0,
tpch_orders_sum_none_13_1789044239,tpch_orders_sum,medium,none,13,2026-09-10T12:43:59.210098+00:00,2026-09-10T12:43:59.441795+00:00,231.69,1,unknown,none,none,True,0.0,0.0,0,False,False,0.0,
tpch_orders_sum_none_14_1789044240,tpch_orders_sum,medium,none,14,2026-09-10T12:44:00.457133+00:00,2026-09-10T12:44:00.701277+00:00,244.14,1,unknown,none,none,True,0.0,0.0,0,False,False,0.0,
tpch_orders_sum_none_15_1789044241,tpch_orders_sum,medium,none,15,2026-09-10T12:44:01.729195+00:00,2026-09-10T12:44:01.972205+00:00,243.0,1,unknown,none,none,True,0.0,0.0,0,False,False,0.0,
tpch_orders_lineitem_join_none_1_1789044242,tpch_orders_lineitem_join,long,none,1,2026-09-10T12:44:02.001220+00:00,2026-09-10T12:44:02.941257+00:00,940.03,1,unknown,none,none,True,0.0,0.0,0,False,False,0.0,
tpch_orders_lineitem_join_none_2_1789044245,tpch_orders_lineitem_join,long,none,2,2026-09-10T12:44:03.976249+00:00,2026-09-10T12:44:05.136554+00:00,1160.3,1,unknown,none,none,True,0.0,0.0,0,False,False,0.0,
tpch_orders_lineitem_join_none_3_1789044247,tpch_orders_lineitem_join,long,none,3,2026-09-10T12:44:06.157620+00:00,2026-09-10T12:44:07.089179+00:00,931.55,1,unknown,none,none,True,0.0,0.0,0,False,False,0.0,
tpch_orders_lineitem_join_none_4_1789044249,tpch_orders_lineitem_join,long,none,4,2026-09-10T12:44:08.095096+00:00,2026-09-10T12:44:08.989674+00:00,894.57,1,unknown,none,none,True,0.0,0.0,0,False,False,0.0,
tpch_orders_lineitem_join_none_5_1789044250,tpch_orders_lineitem_join,long,none,5,2026-09-10T12:44:10.032139+00:00,2026-09-10T12:44:10.896728+00:00,864.58,1,unknown,none,none,True,0.0,0.0,0,False,False,0.0,
tpch_orders_lineitem_join_none_6_1789044252,tpch_orders_lineitem_join,long,none,6,2026-09-10T12:44:11.936887+00:00,2026-09-10T12:44:12.967632+00:00,1030.74,1,unknown,none,none,True,0.0,0.0,0,False,False,0.0,
tpch_orders_lineitem_join_none_7_1789044255,tpch_orders_lineitem_join,long,none,7,2026-09-10T12:44:14.001952+00:00,2026-09-10T12:44:15.176512+00:00,1174.55,1,unknown,none,none,True,0.0,0.0,0,False,False,0.0,
tpch_orders_lineitem_join_none_8_1789044257,tpch_orders_lineitem_join,long,none,8,2026-09-10T12:44:16.223232+00:00,2026-09-10T12:44:17.093983+00:00,870.74,1,unknown,none,none,True,0.0,0.0,0,False,False,0.0,
tpch_orders_lineitem_join_none_9_1789044258,tpch_orders_lineitem_join,long,none,9,2026-09-10T12:44:18.108264+00:00,2026-09-10T12:44:18.941445+00:00,833.18,1,unknown,none,none,True,0.0,0.0,0,False,False,0.0,
tpch_orders_lineitem_join_none_10_1789044260,tpch_orders_lineitem_join,long,none,10,2026-09-10T12:44:19.990107+00:00,2026-09-10T12:44:20.933357+00:00,943.24,1,unknown,none,none,True,0.0,0.0,0,False,False,0.0,
tpch_orders_lineitem_join_none_11_1789044262,tpch_orders_lineitem_join,long,none,11,2026-09-10T12:44:21.948378+00:00,2026-09-10T12:44:22.825243+00:00,876.86,1,unknown,none,none,True,0.0,0.0,0,False,False,0.0,
tpch_orders_lineitem_join_none_12_1789044264,tpch_orders_lineitem_join,long,none,12,2026-09-10T12:44:23.848373+00:00,2026-09-10T12:44:24.679435+00:00,831.06,1,unknown,none,none,True,0.0,0.0,0,False,False,0.0,
tpch_orders_lineitem_join_none_13_1789044266,tpch_orders_lineitem_join,long,none,13,2026-09-10T12:44:25.698452+00:00,2026-09-10T12:44:26.627377+00:00,928.92,1,unknown,none,none,True,0.0,0.0,0,False,False,0.0,
tpch_orders_lineitem_join_none_14_1789044268,tpch_orders_lineitem_join,long,none,14,2026-09-10T12:44:27.632188+00:00,2026-09-10T12:44:28.463288+00:00,831.09,1,unknown,none,none,True,0.0,0.0,0,False,False,0.0,
tpch_orders_lineitem_join_none_15_1789044270,tpch_orders_lineitem_join,long,none,15,2026-09-10T12:44:29.481332+00:00,2026-09-10T12:44:30.458292+00:00,976.95,1,unknown,none,none,True,0.0,0.0,0,False,False,0.0,
tpch_orders_lineitem_join_none_16_1789044272,tpch_orders_lineitem_join,long,none,16,2026-09-10T12:44:31.494170+00:00,2026-09-10T12:44:32.343419+00:00,849.24,1,unknown,none,none,True,0.0,0.0,0,False,False,0.0,
tpch_orders_lineitem_join_none_17_1789044274,tpch_orders_lineitem_join,long,none,17,2026-09-10T12:44:33.377734+00:00,2026-09-10T12:44:34.256084+00:00,878.34,1,unknown,none,none,True,0.0,0.0,0,False,False,0.0,
tpch_orders_lineitem_join_none_18_1789044276,tpch_orders_lineitem_join,long,none,18,2026-09-10T12:44:35.261660+00:00,2026-09-10T12:44:36.142080+00:00,880.41,1,unknown,none,none,True,0.0,0.0,0,False,False,0.0,
tpch_orders_lineitem_join_none_19_1789044278,tpch_orders_lineitem_join,long,none,19,2026-09-10T12:44:37.165189+00:00,2026-09-10T12:44:37.980503+00:00,815.31,1,unknown,none,none,True,0.0,0.0,0,False,False,0.0,
tpch_orders_lineitem_join_none_20_1789044279,tpch_orders_lineitem_join,long,none,20,2026-09-10T12:44:39.010321+00:00,2026-09-10T12:44:39.941069+00:00,930.74,1,unknown,none,none,True,0.0,0.0,0,False,False,0.0,
tpch_orders_lineitem_join_none_21_1789044281,tpch_orders_lineitem_join,long,none,21,2026-09-10T12:44:40.960146+00:00,2026-09-10T12:44:41.789787+00:00,829.64,1,unknown,none,none,True,0.0,0.0,0,False,False,0.0,
tpch_orders_lineitem_join_none_22_1789044283,tpch_orders_lineitem_join,long,none,22,2026-09-10T12:44:42.823226+00:00,2026-09-10T12:44:43.643045+00:00,819.81,1,unknown,none,none,True,0.0,0.0,0,False,False,0.0,
