label,concurrency,round,query_id,query_class,runtime_ms,rows,error,timestamp
combined_ingestion_and_visible_partition,1,0,tpch_point_lookup,short,313.59,1,,2026-09-20T20:55:51.562013+00:00
combined_ingestion_and_visible_partition,1,1,tpch_point_lookup,short,330.99,1,,2026-09-20T20:55:51.893880+00:00
combined_ingestion_and_visible_partition,1,2,tpch_point_lookup,short,282.64,1,,2026-09-20T20:55:52.180228+00:00
combined_ingestion_and_visible_partition,8,0,tpch_point_lookup,short,2336.05,1,,2026-09-20T20:55:54.517107+00:00
combined_ingestion_and_visible_partition,8,0,tpch_orders_sum,medium,2917.75,1,,2026-09-20T20:55:55.099557+00:00
combined_ingestion_and_visible_partition,8,0,tpch_point_lookup,short,2913.2,1,,2026-09-20T20:55:55.099704+00:00
combined_ingestion_and_visible_partition,8,0,tpch_point_lookup,short,2908.91,1,,2026-09-20T20:55:55.100915+00:00
combined_ingestion_and_visible_partition,8,0,tpch_orders_sum,medium,2905.04,1,,2026-09-20T20:55:55.101686+00:00
combined_ingestion_and_visible_partition,8,0,tpch_orders_sum,medium,2916.01,1,,2026-09-20T20:55:55.101700+00:00
combined_ingestion_and_visible_partition,8,0,tpch_orders_lineitem_join,long,2925.71,1,,2026-09-20T20:55:55.109137+00:00
combined_ingestion_and_visible_partition,8,0,tpch_orders_lineitem_join,long,2932.94,1,,2026-09-20T20:55:55.123154+00:00
combined_ingestion_and_visible_partition,8,1,tpch_orders_sum,medium,1645.0,1,,2026-09-20T20:55:56.781417+00:00
combined_ingestion_and_visible_partition,8,1,tpch_orders_sum,medium,2643.56,1,,2026-09-20T20:55:57.769519+00:00
combined_ingestion_and_visible_partition,8,1,tpch_point_lookup,short,2666.17,1,,2026-09-20T20:55:57.794542+00:00
combined_ingestion_and_visible_partition,8,1,tpch_point_lookup,short,3055.43,1,,2026-09-20T20:55:58.188575+00:00
combined_ingestion_and_visible_partition,8,1,tpch_orders_sum,medium,3074.55,1,,2026-09-20T20:55:58.204336+00:00
combined_ingestion_and_visible_partition,8,1,tpch_point_lookup,short,3115.35,1,,2026-09-20T20:55:58.239614+00:00
combined_ingestion_and_visible_partition,8,1,tpch_orders_lineitem_join,long,3162.85,1,,2026-09-20T20:55:58.294057+00:00
combined_ingestion_and_visible_partition,8,1,tpch_orders_lineitem_join,long,3171.43,1,,2026-09-20T20:55:58.298439+00:00
combined_ingestion_and_visible_partition,8,2,tpch_orders_sum,medium,1714.0,1,,2026-09-20T20:56:00.015036+00:00
combined_ingestion_and_visible_partition,8,2,tpch_orders_sum,medium,2759.19,1,,2026-09-20T20:56:01.065518+00:00
combined_ingestion_and_visible_partition,8,2,tpch_point_lookup,short,2780.84,1,,2026-09-20T20:56:01.090738+00:00
combined_ingestion_and_visible_partition,8,2,tpch_point_lookup,short,2791.83,1,,2026-09-20T20:56:01.091659+00:00
combined_ingestion_and_visible_partition,8,2,tpch_point_lookup,short,2786.96,1,,2026-09-20T20:56:01.091677+00:00
combined_ingestion_and_visible_partition,8,2,tpch_orders_sum,medium,2780.04,1,,2026-09-20T20:56:01.092582+00:00
combined_ingestion_and_visible_partition,8,2,tpch_orders_lineitem_join,long,2837.8,1,,2026-09-20T20:56:01.146150+00:00
combined_ingestion_and_visible_partition,8,2,tpch_orders_lineitem_join,long,2873.47,1,,2026-09-20T20:56:01.175686+00:00
combined_ingestion_and_visible_partition,16,0,tpch_orders_sum,medium,4782.69,1,,2026-09-20T20:56:05.960274+00:00
combined_ingestion_and_visible_partition,16,0,tpch_point_lookup,short,5101.77,1,,2026-09-20T20:56:06.281662+00:00
combined_ingestion_and_visible_partition,16,0,tpch_orders_sum,medium,5552.23,1,,2026-09-20T20:56:06.739470+00:00
combined_ingestion_and_visible_partition,16,0,tpch_point_lookup,short,5539.49,1,,2026-09-20T20:56:06.742438+00:00
combined_ingestion_and_visible_partition,16,0,tpch_orders_sum,medium,5550.32,1,,2026-09-20T20:56:06.743541+00:00
combined_ingestion_and_visible_partition,16,0,tpch_point_lookup,short,5566.89,1,,2026-09-20T20:56:06.744018+00:00
combined_ingestion_and_visible_partition,16,0,tpch_orders_sum,medium,5537.75,1,,2026-09-20T20:56:06.744164+00:00
combined_ingestion_and_visible_partition,16,0,tpch_point_lookup,short,5559.68,1,,2026-09-20T20:56:06.745378+00:00
combined_ingestion_and_visible_partition,16,0,tpch_orders_sum,medium,5563.78,1,,2026-09-20T20:56:06.745387+00:00
combined_ingestion_and_visible_partition,16,0,tpch_point_lookup,short,5591.53,1,,2026-09-20T20:56:06.802911+00:00
combined_ingestion_and_visible_partition,16,0,tpch_point_lookup,short,5612.05,1,,2026-09-20T20:56:06.803112+00:00
combined_ingestion_and_visible_partition,16,0,tpch_orders_lineitem_join,long,5652.35,1,,2026-09-20T20:56:06.831574+00:00
combined_ingestion_and_visible_partition,16,0,tpch_orders_lineitem_join,long,5667.28,1,,2026-09-20T20:56:06.851117+00:00
combined_ingestion_and_visible_partition,16,0,tpch_orders_lineitem_join,long,5654.11,1,,2026-09-20T20:56:06.851305+00:00
combined_ingestion_and_visible_partition,16,0,tpch_orders_lineitem_join,long,5736.05,1,,2026-09-20T20:56:06.925221+00:00
combined_ingestion_and_visible_partition,16,0,tpch_orders_lineitem_join,long,6193.8,1,,2026-09-20T20:56:07.402842+00:00
combined_ingestion_and_visible_partition,16,1,tpch_orders_sum,medium,4903.21,1,,2026-09-20T20:56:12.308497+00:00
combined_ingestion_and_visible_partition,16,1,tpch_point_lookup,short,4950.79,1,,2026-09-20T20:56:12.354969+00:00
combined_ingestion_and_visible_partition,16,1,tpch_point_lookup,short,5443.08,1,,2026-09-20T20:56:12.855802+00:00
combined_ingestion_and_visible_partition,16,1,tpch_point_lookup,short,5645.35,1,,2026-09-20T20:56:13.055163+00:00
combined_ingestion_and_visible_partition,16,1,tpch_orders_sum,medium,5628.78,1,,2026-09-20T20:56:13.065621+00:00
combined_ingestion_and_visible_partition,16,1,tpch_orders_sum,medium,5679.54,1,,2026-09-20T20:56:13.095400+00:00
combined_ingestion_and_visible_partition,16,1,tpch_orders_sum,medium,5690.17,1,,2026-09-20T20:56:13.099192+00:00
combined_ingestion_and_visible_partition,16,1,tpch_point_lookup,short,5667.08,1,,2026-09-20T20:56:13.100426+00:00
combined_ingestion_and_visible_partition,16,1,tpch_orders_sum,medium,5679.64,1,,2026-09-20T20:56:13.104268+00:00
combined_ingestion_and_visible_partition,16,1,tpch_point_lookup,short,5659.15,1,,2026-09-20T20:56:13.104280+00:00
combined_ingestion_and_visible_partition,16,1,tpch_point_lookup,short,5682.88,1,,2026-09-20T20:56:13.104469+00:00
combined_ingestion_and_visible_partition,16,1,tpch_orders_lineitem_join,long,5819.69,1,,2026-09-20T20:56:13.248208+00:00
combined_ingestion_and_visible_partition,16,1,tpch_orders_lineitem_join,long,5835.22,1,,2026-09-20T20:56:13.252701+00:00
combined_ingestion_and_visible_partition,16,1,tpch_orders_lineitem_join,long,5844.52,1,,2026-09-20T20:56:13.255539+00:00
combined_ingestion_and_visible_partition,16,1,tpch_orders_lineitem_join,long,5817.62,1,,2026-09-20T20:56:13.258681+00:00
combined_ingestion_and_visible_partition,16,1,tpch_orders_lineitem_join,long,5858.48,1,,2026-09-20T20:56:13.264835+00:00
combined_ingestion_and_visible_partition,16,2,tpch_orders_sum,medium,4341.57,1,,2026-09-20T20:56:17.608896+00:00
combined_ingestion_and_visible_partition,16,2,tpch_orders_sum,medium,5382.43,1,,2026-09-20T20:56:18.653680+00:00
combined_ingestion_and_visible_partition,16,2,tpch_point_lookup,short,5478.57,1,,2026-09-20T20:56:18.744729+00:00
combined_ingestion_and_visible_partition,16,2,tpch_point_lookup,short,5911.56,1,,2026-09-20T20:56:19.222474+00:00
combined_ingestion_and_visible_partition,16,2,tpch_point_lookup,short,5961.01,1,,2026-09-20T20:56:19.234637+00:00
combined_ingestion_and_visible_partition,16,2,tpch_orders_sum,medium,5970.05,1,,2026-09-20T20:56:19.251560+00:00
combined_ingestion_and_visible_partition,16,2,tpch_point_lookup,short,5982.43,1,,2026-09-20T20:56:19.252506+00:00
combined_ingestion_and_visible_partition,16,2,tpch_orders_sum,medium,5965.38,1,,2026-09-20T20:56:19.257555+00:00
combined_ingestion_and_visible_partition,16,2,tpch_point_lookup,short,5980.65,1,,2026-09-20T20:56:19.259748+00:00
combined_ingestion_and_visible_partition,16,2,tpch_orders_sum,medium,5984.86,1,,2026-09-20T20:56:19.261832+00:00
combined_ingestion_and_visible_partition,16,2,tpch_point_lookup,short,5974.05,1,,2026-09-20T20:56:19.262156+00:00
combined_ingestion_and_visible_partition,16,2,tpch_orders_lineitem_join,long,6064.99,1,,2026-09-20T20:56:19.337474+00:00
combined_ingestion_and_visible_partition,16,2,tpch_orders_lineitem_join,long,6062.97,1,,2026-09-20T20:56:19.341458+00:00
combined_ingestion_and_visible_partition,16,2,tpch_orders_lineitem_join,long,6058.08,1,,2026-09-20T20:56:19.342526+00:00
combined_ingestion_and_visible_partition,16,2,tpch_orders_lineitem_join,long,6053.76,1,,2026-09-20T20:56:19.349007+00:00
combined_ingestion_and_visible_partition,16,2,tpch_orders_lineitem_join,long,6085.22,1,,2026-09-20T20:56:19.353007+00:00
