concurrency,round,query_id,query_class,runtime_ms,rows,error,timestamp
1,0,tpch_point_lookup,short,338.25,1,,2026-09-20T20:48:44.260651+00:00
1,1,tpch_point_lookup,short,328.46,1,,2026-09-20T20:48:44.591695+00:00
1,2,tpch_point_lookup,short,244.45,1,,2026-09-20T20:48:44.836969+00:00
1,3,tpch_point_lookup,short,272.66,1,,2026-09-20T20:48:45.110663+00:00
2,0,tpch_point_lookup,short,449.63,1,,2026-09-20T20:48:45.561181+00:00
2,0,tpch_orders_sum,medium,453.32,1,,2026-09-20T20:48:45.565915+00:00
2,1,tpch_orders_sum,medium,495.77,1,,2026-09-20T20:48:46.063582+00:00
2,1,tpch_point_lookup,short,501.06,1,,2026-09-20T20:48:46.067728+00:00
2,2,tpch_point_lookup,short,487.82,1,,2026-09-20T20:48:46.556976+00:00
2,2,tpch_orders_sum,medium,487.49,1,,2026-09-20T20:48:46.557235+00:00
2,3,tpch_orders_sum,medium,503.43,1,,2026-09-20T20:48:47.062035+00:00
2,3,tpch_point_lookup,short,542.1,1,,2026-09-20T20:48:47.100217+00:00
4,0,tpch_point_lookup,short,766.03,1,,2026-09-20T20:48:47.867384+00:00
4,0,tpch_point_lookup,short,1321.15,1,,2026-09-20T20:48:48.425612+00:00
4,0,tpch_orders_sum,medium,1363.88,1,,2026-09-20T20:48:48.466205+00:00
4,0,tpch_orders_lineitem_join,long,1414.22,1,,2026-09-20T20:48:48.517781+00:00
4,1,tpch_point_lookup,short,1230.14,1,,2026-09-20T20:48:49.748671+00:00
4,1,tpch_orders_sum,medium,1231.22,1,,2026-09-20T20:48:49.750236+00:00
4,1,tpch_point_lookup,short,1279.75,1,,2026-09-20T20:48:49.802298+00:00
4,1,tpch_orders_lineitem_join,long,1327.77,1,,2026-09-20T20:48:49.847897+00:00
4,2,tpch_orders_sum,medium,1133.18,1,,2026-09-20T20:48:50.982512+00:00
4,2,tpch_point_lookup,short,1176.54,1,,2026-09-20T20:48:51.028088+00:00
4,2,tpch_point_lookup,short,1320.46,1,,2026-09-20T20:48:51.169242+00:00
4,2,tpch_orders_lineitem_join,long,1371.25,1,,2026-09-20T20:48:51.221959+00:00
4,3,tpch_orders_sum,medium,728.12,1,,2026-09-20T20:48:51.951350+00:00
4,3,tpch_point_lookup,short,1443.26,1,,2026-09-20T20:48:52.666043+00:00
4,3,tpch_point_lookup,short,1473.27,1,,2026-09-20T20:48:52.699026+00:00
4,3,tpch_orders_lineitem_join,long,1775.64,1,,2026-09-20T20:48:52.999744+00:00
8,0,tpch_orders_sum,medium,1752.23,1,,2026-09-20T20:48:54.762889+00:00
8,0,tpch_point_lookup,short,2166.05,1,,2026-09-20T20:48:55.167777+00:00
8,0,tpch_point_lookup,short,2399.46,1,,2026-09-20T20:48:55.415499+00:00
8,0,tpch_orders_sum,medium,2605.95,1,,2026-09-20T20:48:55.609140+00:00
8,0,tpch_orders_sum,medium,2602.77,1,,2026-09-20T20:48:55.621194+00:00
8,0,tpch_point_lookup,short,2625.03,1,,2026-09-20T20:48:55.634327+00:00
8,0,tpch_orders_lineitem_join,long,2680.83,1,,2026-09-20T20:48:55.686575+00:00
8,0,tpch_orders_lineitem_join,long,2680.34,1,,2026-09-20T20:48:55.693247+00:00
8,1,tpch_point_lookup,short,1446.69,1,,2026-09-20T20:48:57.145291+00:00
8,1,tpch_point_lookup,short,1530.15,1,,2026-09-20T20:48:57.224432+00:00
8,1,tpch_orders_sum,medium,2848.41,1,,2026-09-20T20:48:58.553147+00:00
8,1,tpch_orders_sum,medium,2862.48,1,,2026-09-20T20:48:58.562900+00:00
8,1,tpch_point_lookup,short,2860.25,1,,2026-09-20T20:48:58.563127+00:00
8,1,tpch_orders_sum,medium,2966.18,1,,2026-09-20T20:48:58.661036+00:00
8,1,tpch_orders_lineitem_join,long,3021.97,1,,2026-09-20T20:48:58.723026+00:00
8,1,tpch_orders_lineitem_join,long,3057.13,1,,2026-09-20T20:48:58.753871+00:00
8,2,tpch_point_lookup,short,1730.97,1,,2026-09-20T20:49:00.486571+00:00
8,2,tpch_orders_sum,medium,2555.8,1,,2026-09-20T20:49:01.313902+00:00
8,2,tpch_orders_sum,medium,2556.18,1,,2026-09-20T20:49:01.322390+00:00
8,2,tpch_point_lookup,short,2562.35,1,,2026-09-20T20:49:01.323939+00:00
8,2,tpch_orders_sum,medium,2557.2,1,,2026-09-20T20:49:01.331354+00:00
8,2,tpch_point_lookup,short,2560.66,1,,2026-09-20T20:49:01.331994+00:00
8,2,tpch_orders_lineitem_join,long,2704.1,1,,2026-09-20T20:49:01.472488+00:00
8,2,tpch_orders_lineitem_join,long,2737.23,1,,2026-09-20T20:49:01.497409+00:00
8,3,tpch_point_lookup,short,1871.46,1,,2026-09-20T20:49:03.369866+00:00
8,3,tpch_point_lookup,short,2142.6,1,,2026-09-20T20:49:03.644662+00:00
8,3,tpch_point_lookup,short,2374.6,1,,2026-09-20T20:49:03.881138+00:00
8,3,tpch_orders_sum,medium,2391.04,1,,2026-09-20T20:49:03.890435+00:00
8,3,tpch_orders_sum,medium,2404.7,1,,2026-09-20T20:49:03.908163+00:00
8,3,tpch_orders_sum,medium,2418.3,1,,2026-09-20T20:49:03.926301+00:00
8,3,tpch_orders_lineitem_join,long,2568.8,1,,2026-09-20T20:49:04.073629+00:00
8,3,tpch_orders_lineitem_join,long,2594.46,1,,2026-09-20T20:49:04.094347+00:00
16,0,tpch_orders_sum,medium,3403.95,1,,2026-09-20T20:49:07.504201+00:00
16,0,tpch_point_lookup,short,5708.43,1,,2026-09-20T20:49:09.804194+00:00
16,0,tpch_point_lookup,short,5728.83,1,,2026-09-20T20:49:09.837014+00:00
16,0,tpch_orders_sum,medium,5755.75,1,,2026-09-20T20:49:09.861003+00:00
16,0,tpch_point_lookup,short,5790.57,1,,2026-09-20T20:49:09.894215+00:00
16,0,tpch_orders_sum,medium,5821.09,1,,2026-09-20T20:49:09.944535+00:00
16,0,tpch_orders_sum,medium,5832.34,1,,2026-09-20T20:49:09.945871+00:00
16,0,tpch_point_lookup,short,5858.31,1,,2026-09-20T20:49:09.956657+00:00
16,0,tpch_orders_sum,medium,5881.97,1,,2026-09-20T20:49:09.978567+00:00
16,0,tpch_point_lookup,short,5911.91,1,,2026-09-20T20:49:10.040955+00:00
16,0,tpch_point_lookup,short,5957.8,1,,2026-09-20T20:49:10.078242+00:00
16,0,tpch_orders_lineitem_join,long,6029.41,1,,2026-09-20T20:49:10.126590+00:00
16,0,tpch_orders_lineitem_join,long,6038.17,1,,2026-09-20T20:49:10.144678+00:00
16,0,tpch_orders_lineitem_join,long,6050.93,1,,2026-09-20T20:49:10.153548+00:00
16,0,tpch_orders_lineitem_join,long,6036.93,1,,2026-09-20T20:49:10.162341+00:00
16,0,tpch_orders_lineitem_join,long,6058.47,1,,2026-09-20T20:49:10.174098+00:00
16,1,tpch_point_lookup,short,3868.29,1,,2026-09-20T20:49:14.044123+00:00
16,1,tpch_orders_sum,medium,5057.79,1,,2026-09-20T20:49:15.246868+00:00
16,1,tpch_orders_sum,medium,5335.03,1,,2026-09-20T20:49:15.516418+00:00
16,1,tpch_point_lookup,short,5352.97,1,,2026-09-20T20:49:15.540669+00:00
16,1,tpch_point_lookup,short,5402.46,1,,2026-09-20T20:49:15.582198+00:00
16,1,tpch_orders_sum,medium,5477.38,1,,2026-09-20T20:49:15.673087+00:00
16,1,tpch_orders_sum,medium,5502.13,1,,2026-09-20T20:49:15.679099+00:00
16,1,tpch_point_lookup,short,5627.74,1,,2026-09-20T20:49:15.820438+00:00
16,1,tpch_orders_sum,medium,5626.83,1,,2026-09-20T20:49:15.837192+00:00
16,1,tpch_point_lookup,short,5643.63,1,,2026-09-20T20:49:15.849475+00:00
16,1,tpch_point_lookup,short,5630.85,1,,2026-09-20T20:49:15.850012+00:00
16,1,tpch_orders_lineitem_join,long,5794.69,1,,2026-09-20T20:49:15.995199+00:00
16,1,tpch_orders_lineitem_join,long,5782.01,1,,2026-09-20T20:49:15.995211+00:00
16,1,tpch_orders_lineitem_join,long,5804.14,1,,2026-09-20T20:49:15.995410+00:00
16,1,tpch_orders_lineitem_join,long,5815.3,1,,2026-09-20T20:49:15.998978+00:00
16,1,tpch_orders_lineitem_join,long,5820.95,1,,2026-09-20T20:49:15.999259+00:00
16,2,tpch_orders_sum,medium,3844.83,1,,2026-09-20T20:49:19.850604+00:00
16,2,tpch_orders_sum,medium,5602.0,1,,2026-09-20T20:49:21.626939+00:00
16,2,tpch_orders_sum,medium,5685.95,1,,2026-09-20T20:49:21.702646+00:00
16,2,tpch_orders_sum,medium,5703.67,1,,2026-09-20T20:49:21.740774+00:00
16,2,tpch_point_lookup,short,5736.65,1,,2026-09-20T20:49:21.745136+00:00
16,2,tpch_point_lookup,short,5764.93,1,,2026-09-20T20:49:21.769769+00:00
16,2,tpch_orders_sum,medium,5762.34,1,,2026-09-20T20:49:21.773300+00:00
16,2,tpch_point_lookup,short,5740.67,1,,2026-09-20T20:49:21.773311+00:00
16,2,tpch_point_lookup,short,5745.92,1,,2026-09-20T20:49:21.793071+00:00
16,2,tpch_point_lookup,short,5778.56,1,,2026-09-20T20:49:21.793083+00:00
16,2,tpch_point_lookup,short,5780.42,1,,2026-09-20T20:49:21.801222+00:00
16,2,tpch_orders_lineitem_join,long,5851.68,1,,2026-09-20T20:49:21.894966+00:00
16,2,tpch_orders_lineitem_join,long,5891.15,1,,2026-09-20T20:49:21.898725+00:00
16,2,tpch_orders_lineitem_join,long,5873.22,1,,2026-09-20T20:49:21.902608+00:00
16,2,tpch_orders_lineitem_join,long,5896.71,1,,2026-09-20T20:49:21.908629+00:00
16,2,tpch_orders_lineitem_join,long,5891.01,1,,2026-09-20T20:49:21.909387+00:00
16,3,tpch_orders_sum,medium,5142.07,1,,2026-09-20T20:49:27.057974+00:00
16,3,tpch_orders_sum,medium,6027.79,1,,2026-09-20T20:49:27.940269+00:00
16,3,tpch_point_lookup,short,5999.67,1,,2026-09-20T20:49:27.945222+00:00
16,3,tpch_orders_sum,medium,6021.81,1,,2026-09-20T20:49:27.946329+00:00
16,3,tpch_point_lookup,short,6032.71,1,,2026-09-20T20:49:27.947561+00:00
16,3,tpch_point_lookup,short,6037.3,1,,2026-09-20T20:49:27.948337+00:00
16,3,tpch_orders_sum,medium,6028.26,1,,2026-09-20T20:49:27.948780+00:00
16,3,tpch_orders_sum,medium,6015.76,1,,2026-09-20T20:49:27.951706+00:00
16,3,tpch_point_lookup,short,6024.08,1,,2026-09-20T20:49:27.954292+00:00
16,3,tpch_point_lookup,short,6034.55,1,,2026-09-20T20:49:27.958437+00:00
16,3,tpch_point_lookup,short,6042.33,1,,2026-09-20T20:49:27.960582+00:00
16,3,tpch_orders_lineitem_join,long,6114.97,1,,2026-09-20T20:49:28.054982+00:00
16,3,tpch_orders_lineitem_join,long,6150.5,1,,2026-09-20T20:49:28.063925+00:00
16,3,tpch_orders_lineitem_join,long,6137.84,1,,2026-09-20T20:49:28.064451+00:00
16,3,tpch_orders_lineitem_join,long,6151.85,1,,2026-09-20T20:49:28.074240+00:00
16,3,tpch_orders_lineitem_join,long,6169.89,1,,2026-09-20T20:49:28.087026+00:00
