run_id,query_id,condition,run_index,start_time,end_time,runtime_ms,rows_returned,cache_state,ingestion_rate,error
tpch_orders_sum_none_1_1787136958,tpch_orders_sum,none,1,2026-08-19T10:55:57.842239+00:00,2026-08-19T10:55:58.360290+00:00,518.01,1,warm,none,
tpch_orders_sum_none_2_1787136959,tpch_orders_sum,none,2,2026-08-19T10:55:59.365954+00:00,2026-08-19T10:55:59.723286+00:00,357.31,1,warm,none,
tpch_orders_sum_none_3_1787136961,tpch_orders_sum,none,3,2026-08-19T10:56:00.723935+00:00,2026-08-19T10:56:01.091341+00:00,367.39,1,warm,none,
tpch_orders_sum_none_4_1787136962,tpch_orders_sum,none,4,2026-08-19T10:56:02.092233+00:00,2026-08-19T10:56:02.435399+00:00,343.15,1,warm,none,
tpch_orders_sum_none_5_1787136963,tpch_orders_sum,none,5,2026-08-19T10:56:03.436264+00:00,2026-08-19T10:56:03.767969+00:00,331.68,1,warm,none,
tpch_orders_sum_none_6_1787136965,tpch_orders_sum,none,6,2026-08-19T10:56:04.769725+00:00,2026-08-19T10:56:05.116557+00:00,346.81,1,warm,none,
tpch_orders_sum_none_7_1787136966,tpch_orders_sum,none,7,2026-08-19T10:56:06.117347+00:00,2026-08-19T10:56:06.464927+00:00,347.56,1,warm,none,
tpch_orders_sum_none_8_1787136967,tpch_orders_sum,none,8,2026-08-19T10:56:07.465521+00:00,2026-08-19T10:56:07.803782+00:00,338.25,1,warm,none,
tpch_orders_sum_none_9_1787136969,tpch_orders_sum,none,9,2026-08-19T10:56:08.805634+00:00,2026-08-19T10:56:09.157798+00:00,352.15,1,warm,none,
tpch_orders_sum_none_10_1787136970,tpch_orders_sum,none,10,2026-08-19T10:56:10.158249+00:00,2026-08-19T10:56:10.496431+00:00,338.17,1,warm,none,
tpch_orders_sum_heavy_burst_1_1787137456,tpch_orders_sum,heavy_burst,1,2026-08-19T11:04:16.372485+00:00,2026-08-19T11:04:16.737189+00:00,364.69,1,warm,heavy_burst,
tpch_orders_sum_heavy_burst_2_1787137458,tpch_orders_sum,heavy_burst,2,2026-08-19T11:04:17.881321+00:00,2026-08-19T11:04:18.210702+00:00,329.37,1,warm,heavy_burst,
tpch_orders_sum_heavy_burst_3_1787137459,tpch_orders_sum,heavy_burst,3,2026-08-19T11:04:19.211329+00:00,2026-08-19T11:04:19.538126+00:00,326.79,1,warm,heavy_burst,
tpch_orders_sum_heavy_burst_4_1787137460,tpch_orders_sum,heavy_burst,4,2026-08-19T11:04:20.538460+00:00,2026-08-19T11:04:20.849433+00:00,310.97,1,warm,heavy_burst,
tpch_orders_sum_heavy_burst_5_1787137462,tpch_orders_sum,heavy_burst,5,2026-08-19T11:04:21.849945+00:00,2026-08-19T11:04:22.178349+00:00,328.39,1,warm,heavy_burst,
tpch_orders_sum_heavy_burst_6_1787137463,tpch_orders_sum,heavy_burst,6,2026-08-19T11:04:23.178713+00:00,2026-08-19T11:04:23.502330+00:00,323.6,1,warm,heavy_burst,
tpch_orders_sum_heavy_burst_7_1787137464,tpch_orders_sum,heavy_burst,7,2026-08-19T11:04:24.502637+00:00,2026-08-19T11:04:24.819077+00:00,316.43,1,warm,heavy_burst,
tpch_orders_sum_heavy_burst_8_1787137466,tpch_orders_sum,heavy_burst,8,2026-08-19T11:04:25.819644+00:00,2026-08-19T11:04:26.169781+00:00,350.13,1,warm,heavy_burst,
tpch_orders_sum_heavy_burst_9_1787137467,tpch_orders_sum,heavy_burst,9,2026-08-19T11:04:27.170238+00:00,2026-08-19T11:04:27.477549+00:00,307.3,1,warm,heavy_burst,
tpch_orders_sum_heavy_burst_10_1787137468,tpch_orders_sum,heavy_burst,10,2026-08-19T11:04:28.477974+00:00,2026-08-19T11:04:28.800205+00:00,322.22,1,warm,heavy_burst,
tpch_orders_sum_sync_only_no_burst_1_1787145464,tpch_orders_sum,sync_only_no_burst,1,2026-08-19T13:17:44.347746+00:00,2026-08-19T13:17:44.909537+00:00,561.77,1,warm,none,
tpch_orders_sum_sync_only_no_burst_2_1787145466,tpch_orders_sum,sync_only_no_burst,2,2026-08-19T13:17:46.006723+00:00,2026-08-19T13:17:46.488065+00:00,481.32,1,warm,none,
tpch_orders_sum_sync_only_no_burst_3_1787145468,tpch_orders_sum,sync_only_no_burst,3,2026-08-19T13:17:47.488783+00:00,2026-08-19T13:17:48.092877+00:00,604.08,1,warm,none,
tpch_orders_sum_sync_only_no_burst_4_1787145469,tpch_orders_sum,sync_only_no_burst,4,2026-08-19T13:17:49.093654+00:00,2026-08-19T13:17:49.576217+00:00,482.55,1,warm,none,
tpch_orders_sum_sync_only_no_burst_5_1787145471,tpch_orders_sum,sync_only_no_burst,5,2026-08-19T13:17:50.576857+00:00,2026-08-19T13:17:51.466893+00:00,890.02,1,warm,none,
tpch_orders_sum_sync_only_no_burst_6_1787145473,tpch_orders_sum,sync_only_no_burst,6,2026-08-19T13:17:52.467798+00:00,2026-08-19T13:17:53.204341+00:00,736.53,1,warm,none,
tpch_orders_sum_sync_only_no_burst_7_1787145474,tpch_orders_sum,sync_only_no_burst,7,2026-08-19T13:17:54.204902+00:00,2026-08-19T13:17:54.625523+00:00,420.6,1,warm,none,
tpch_orders_sum_sync_only_no_burst_8_1787145476,tpch_orders_sum,sync_only_no_burst,8,2026-08-19T13:17:55.626603+00:00,2026-08-19T13:17:56.255715+00:00,629.09,1,warm,none,
tpch_orders_sum_sync_only_no_burst_9_1787145477,tpch_orders_sum,sync_only_no_burst,9,2026-08-19T13:17:57.256783+00:00,2026-08-19T13:17:57.553115+00:00,296.32,1,warm,none,
tpch_orders_sum_sync_only_no_burst_10_1787145478,tpch_orders_sum,sync_only_no_burst,10,2026-08-19T13:17:58.553730+00:00,2026-08-19T13:17:58.986494+00:00,432.74,1,warm,none,
tpch_orders_sum_heavy_burst_synced_1_1787145553,tpch_orders_sum,heavy_burst_synced,1,2026-08-19T13:19:12.686987+00:00,2026-08-19T13:19:13.322875+00:00,635.87,1,warm,heavy_burst,
tpch_orders_sum_heavy_burst_synced_2_1787145554,tpch_orders_sum,heavy_burst_synced,2,2026-08-19T13:19:14.323994+00:00,2026-08-19T13:19:14.786569+00:00,462.56,1,warm,heavy_burst,
tpch_orders_sum_heavy_burst_synced_3_1787145556,tpch_orders_sum,heavy_burst_synced,3,2026-08-19T13:19:15.787267+00:00,2026-08-19T13:19:16.087587+00:00,300.31,1,warm,heavy_burst,
tpch_orders_sum_heavy_burst_synced_4_1787145557,tpch_orders_sum,heavy_burst_synced,4,2026-08-19T13:19:17.088006+00:00,2026-08-19T13:19:17.398039+00:00,310.01,1,warm,heavy_burst,
tpch_orders_sum_heavy_burst_synced_5_1787145558,tpch_orders_sum,heavy_burst_synced,5,2026-08-19T13:19:18.398867+00:00,2026-08-19T13:19:18.947980+00:00,549.09,1,warm,heavy_burst,
tpch_orders_sum_heavy_burst_synced_6_1787145560,tpch_orders_sum,heavy_burst_synced,6,2026-08-19T13:19:19.949005+00:00,2026-08-19T13:19:20.248294+00:00,299.27,1,warm,heavy_burst,
tpch_orders_sum_heavy_burst_synced_7_1787145561,tpch_orders_sum,heavy_burst_synced,7,2026-08-19T13:19:21.248745+00:00,2026-08-19T13:19:21.589685+00:00,340.92,1,warm,heavy_burst,
tpch_orders_sum_heavy_burst_synced_8_1787145563,tpch_orders_sum,heavy_burst_synced,8,2026-08-19T13:19:22.590511+00:00,2026-08-19T13:19:23.060830+00:00,470.3,1,warm,heavy_burst,
tpch_orders_sum_heavy_burst_synced_9_1787145564,tpch_orders_sum,heavy_burst_synced,9,2026-08-19T13:19:24.061650+00:00,2026-08-19T13:19:24.386371+00:00,324.7,1,warm,heavy_burst,
tpch_orders_sum_heavy_burst_synced_10_1787145566,tpch_orders_sum,heavy_burst_synced,10,2026-08-19T13:19:25.386926+00:00,2026-08-19T13:19:26.084748+00:00,697.81,1,warm,heavy_burst,
tpch_orders_sum_no_burst_before_1_1787146938,tpch_orders_sum,no_burst_before,1,2026-08-19T13:42:17.450999+00:00,2026-08-19T13:42:18.044552+00:00,593.53,1,warm,none,
tpch_orders_sum_no_burst_before_2_1787146938,tpch_orders_sum,no_burst_before,2,2026-08-19T13:42:18.442175+00:00,2026-08-19T13:42:18.873545+00:00,431.35,1,warm,none,
tpch_orders_sum_no_burst_before_3_1787146939,tpch_orders_sum,no_burst_before,3,2026-08-19T13:42:19.173980+00:00,2026-08-19T13:42:19.494799+00:00,320.8,1,warm,none,
tpch_orders_sum_no_burst_before_4_1787146940,tpch_orders_sum,no_burst_before,4,2026-08-19T13:42:19.795633+00:00,2026-08-19T13:42:20.091626+00:00,295.98,1,warm,none,
tpch_orders_sum_no_burst_before_5_1787146941,tpch_orders_sum,no_burst_before,5,2026-08-19T13:42:20.392770+00:00,2026-08-19T13:42:21.087095+00:00,694.31,1,warm,none,
tpch_orders_sum_no_burst_before_6_1787146941,tpch_orders_sum,no_burst_before,6,2026-08-19T13:42:21.387502+00:00,2026-08-19T13:42:21.681189+00:00,293.67,1,warm,none,
tpch_orders_sum_no_burst_before_7_1787146942,tpch_orders_sum,no_burst_before,7,2026-08-19T13:42:21.982289+00:00,2026-08-19T13:42:22.294326+00:00,312.02,1,warm,none,
tpch_orders_sum_no_burst_before_8_1787146942,tpch_orders_sum,no_burst_before,8,2026-08-19T13:42:22.595216+00:00,2026-08-19T13:42:22.924154+00:00,328.92,1,warm,none,
tpch_orders_sum_no_burst_before_9_1787146944,tpch_orders_sum,no_burst_before,9,2026-08-19T13:42:23.224864+00:00,2026-08-19T13:42:24.117855+00:00,892.97,1,warm,none,
tpch_orders_sum_no_burst_before_10_1787146944,tpch_orders_sum,no_burst_before,10,2026-08-19T13:42:24.418771+00:00,2026-08-19T13:42:24.718949+00:00,300.16,1,warm,none,
tpch_orders_sum_no_burst_before_11_1787146945,tpch_orders_sum,no_burst_before,11,2026-08-19T13:42:25.019431+00:00,2026-08-19T13:42:25.543846+00:00,524.36,1,warm,none,
tpch_orders_sum_no_burst_before_12_1787146946,tpch_orders_sum,no_burst_before,12,2026-08-19T13:42:25.844511+00:00,2026-08-19T13:42:26.156913+00:00,312.38,1,warm,none,
tpch_orders_sum_no_burst_before_13_1787146946,tpch_orders_sum,no_burst_before,13,2026-08-19T13:42:26.457812+00:00,2026-08-19T13:42:26.788781+00:00,330.94,1,warm,none,
tpch_orders_sum_no_burst_before_14_1787146947,tpch_orders_sum,no_burst_before,14,2026-08-19T13:42:27.089872+00:00,2026-08-19T13:42:27.393746+00:00,303.86,1,warm,none,
tpch_orders_sum_no_burst_before_15_1787146948,tpch_orders_sum,no_burst_before,15,2026-08-19T13:42:27.694645+00:00,2026-08-19T13:42:28.032533+00:00,337.87,1,warm,none,
tpch_orders_sum_burst_during_1_1787146994,tpch_orders_sum,burst_during,1,2026-08-19T13:43:13.918854+00:00,2026-08-19T13:43:14.688578+00:00,769.7,1,warm,heavy_burst,
tpch_orders_sum_burst_during_2_1787146995,tpch_orders_sum,burst_during,2,2026-08-19T13:43:14.989952+00:00,2026-08-19T13:43:15.693425+00:00,703.46,1,warm,heavy_burst,
tpch_orders_sum_burst_during_3_1787146996,tpch_orders_sum,burst_during,3,2026-08-19T13:43:15.995082+00:00,2026-08-19T13:43:16.704829+00:00,709.73,1,warm,heavy_burst,
tpch_orders_sum_burst_during_4_1787146997,tpch_orders_sum,burst_during,4,2026-08-19T13:43:17.005710+00:00,2026-08-19T13:43:17.313093+00:00,307.37,1,warm,heavy_burst,
tpch_orders_sum_burst_during_5_1787146998,tpch_orders_sum,burst_during,5,2026-08-19T13:43:17.614175+00:00,2026-08-19T13:43:18.019849+00:00,405.66,1,warm,heavy_burst,
tpch_orders_sum_burst_during_6_1787146998,tpch_orders_sum,burst_during,6,2026-08-19T13:43:18.320857+00:00,2026-08-19T13:43:18.730251+00:00,409.38,1,warm,heavy_burst,
tpch_orders_sum_burst_during_7_1787146999,tpch_orders_sum,burst_during,7,2026-08-19T13:43:19.030979+00:00,2026-08-19T13:43:19.307116+00:00,276.12,1,warm,heavy_burst,
tpch_orders_sum_burst_during_8_1787146999,tpch_orders_sum,burst_during,8,2026-08-19T13:43:19.607824+00:00,2026-08-19T13:43:19.963098+00:00,355.26,1,warm,heavy_burst,
tpch_orders_sum_burst_during_9_1787147000,tpch_orders_sum,burst_during,9,2026-08-19T13:43:20.263815+00:00,2026-08-19T13:43:20.659468+00:00,395.64,1,warm,heavy_burst,
tpch_orders_sum_burst_during_10_1787147001,tpch_orders_sum,burst_during,10,2026-08-19T13:43:20.960557+00:00,2026-08-19T13:43:21.269858+00:00,309.29,1,warm,heavy_burst,
tpch_orders_sum_burst_during_11_1787147002,tpch_orders_sum,burst_during,11,2026-08-19T13:43:21.571104+00:00,2026-08-19T13:43:22.058561+00:00,487.44,1,warm,heavy_burst,
tpch_orders_sum_burst_during_12_1787147003,tpch_orders_sum,burst_during,12,2026-08-19T13:43:22.359411+00:00,2026-08-19T13:43:23.084380+00:00,724.95,1,warm,heavy_burst,
tpch_orders_sum_burst_during_13_1787147004,tpch_orders_sum,burst_during,13,2026-08-19T13:43:23.384800+00:00,2026-08-19T13:43:24.084364+00:00,699.56,1,warm,heavy_burst,
tpch_orders_sum_burst_during_14_1787147004,tpch_orders_sum,burst_during,14,2026-08-19T13:43:24.384707+00:00,2026-08-19T13:43:24.709143+00:00,324.43,1,warm,heavy_burst,
tpch_orders_sum_burst_during_15_1787147005,tpch_orders_sum,burst_during,15,2026-08-19T13:43:25.009690+00:00,2026-08-19T13:43:25.451417+00:00,441.71,1,warm,heavy_burst,
tpch_orders_sum_no_burst_after_1_1787147175,tpch_orders_sum,no_burst_after,1,2026-08-19T13:46:15.115603+00:00,2026-08-19T13:46:15.572370+00:00,456.75,1,warm,none,
tpch_orders_sum_no_burst_after_2_1787147176,tpch_orders_sum,no_burst_after,2,2026-08-19T13:46:15.997317+00:00,2026-08-19T13:46:16.327471+00:00,330.14,1,warm,none,
tpch_orders_sum_no_burst_after_3_1787147177,tpch_orders_sum,no_burst_after,3,2026-08-19T13:46:16.627765+00:00,2026-08-19T13:46:17.236559+00:00,608.78,1,warm,none,
tpch_orders_sum_no_burst_after_4_1787147177,tpch_orders_sum,no_burst_after,4,2026-08-19T13:46:17.537221+00:00,2026-08-19T13:46:17.857887+00:00,320.65,1,warm,none,
tpch_orders_sum_no_burst_after_5_1787147178,tpch_orders_sum,no_burst_after,5,2026-08-19T13:46:18.159734+00:00,2026-08-19T13:46:18.487543+00:00,327.79,1,warm,none,
tpch_orders_sum_no_burst_after_6_1787147179,tpch_orders_sum,no_burst_after,6,2026-08-19T13:46:18.787983+00:00,2026-08-19T13:46:19.156093+00:00,368.1,1,warm,none,
tpch_orders_sum_no_burst_after_7_1787147179,tpch_orders_sum,no_burst_after,7,2026-08-19T13:46:19.456906+00:00,2026-08-19T13:46:19.818971+00:00,362.05,1,warm,none,
tpch_orders_sum_no_burst_after_8_1787147180,tpch_orders_sum,no_burst_after,8,2026-08-19T13:46:20.119757+00:00,2026-08-19T13:46:20.420206+00:00,300.44,1,warm,none,
tpch_orders_sum_no_burst_after_9_1787147181,tpch_orders_sum,no_burst_after,9,2026-08-19T13:46:20.720848+00:00,2026-08-19T13:46:21.333825+00:00,612.96,1,warm,none,
tpch_orders_sum_no_burst_after_10_1787147181,tpch_orders_sum,no_burst_after,10,2026-08-19T13:46:21.634739+00:00,2026-08-19T13:46:21.949714+00:00,314.96,1,warm,none,
tpch_orders_sum_no_burst_after_11_1787147182,tpch_orders_sum,no_burst_after,11,2026-08-19T13:46:22.250468+00:00,2026-08-19T13:46:22.833315+00:00,582.83,1,warm,none,
tpch_orders_sum_no_burst_after_12_1787147183,tpch_orders_sum,no_burst_after,12,2026-08-19T13:46:23.133844+00:00,2026-08-19T13:46:23.821586+00:00,687.73,1,warm,none,
tpch_orders_sum_no_burst_after_13_1787147184,tpch_orders_sum,no_burst_after,13,2026-08-19T13:46:24.122422+00:00,2026-08-19T13:46:24.438257+00:00,315.81,1,warm,none,
tpch_orders_sum_no_burst_after_14_1787147185,tpch_orders_sum,no_burst_after,14,2026-08-19T13:46:24.738736+00:00,2026-08-19T13:46:25.038162+00:00,299.41,1,warm,none,
tpch_orders_sum_no_burst_after_15_1787147185,tpch_orders_sum,no_burst_after,15,2026-08-19T13:46:25.338814+00:00,2026-08-19T13:46:25.630165+00:00,291.33,1,warm,none,
